{"flutter":{"platforms":{"android":{"default":{"projectId":"week5-15671","appId":"1:490569634226:android:37e28e4b492d8b6cd3d4ab","fileOutput":"android/app/google-services.json"}},"ios":{"default":{"projectId":"week5-15671","appId":"1:490569634226:ios:1ad5074ad8ffc308d3d4ab","uploadDebugSymbols":false,"fileOutput":"ios/Runner/GoogleService-Info.plist"}},"dart":{"lib/firebase_options.dart":{"projectId":"week5-15671","configurations":{"android":"1:490569634226:android:37e28e4b492d8b6cd3d4ab","ios":"1:490569634226:ios:1ad5074ad8ffc308d3d4ab","web":"1:490569634226:web:e94d627e41c07e02d3d4ab","windows":"1:490569634226:web:a098afa4d9cb9555d3d4ab"}}}}}}